,xmax,ymax
1,3.398287292,2.184570854
