,xcoor,ycoor
1,0.680461634,1.148969512
